inviter,invited,date_invited,status
@Eugenio_Bo,@danushkin,2022-06-05,Active
@Eugenio_Bo,@munk_design,2022-06-05,Active
@danushkin,@ey_coffee,2022-06-05,Active
@danushkin,@4titan,2022-06-05,Active
@ey_coffee,@Fitzed,2022-07-16,Active
@Eugenio_Bo,@Glibale,2022-07-16,Active
@Eugenio_Bo,@Thrice,2022-07-21,Inactive
@Grigoriit_c_h,@Thrice,2022-04-12,Inactive
@Eugenio_Bo,@Confidential_Enquiries,2022-07-31,Inactive
@Eugenio_Bo,@Ev_Evgen,2022-09-19,Active
@munk4sign,@andrey_khvostov,2022-11-05,Active
@ey_coffee,@tereshkov,2022-11-05,Active
@Eugenio_Bo,@perevalov88,2022-11-14,Inactive
@Eugenio_Bo,@shpakvv,2022-11-19,Active
@munk4sign,@Gunev,2022-11-24,Inactive
@alexey_psxn,@jojo322,2022-11-25,Active
@andrey_khvostov,@butcher3eer,2022-12-10,Inactive
@Eugenio_Bo,@whereispie,2023-04-08,Active
@whereispie,@dy_Martynos,2023-04-27,Inactive
@danushkin,@mirosh4,2023-06-16,Active
@Eugenio_Bo,@DefaFANGA,2023-06-19,Active
@Eugenio_Bo,@etrozheboris,2023-07-19,Inactive
@Eugenio_Bo,@winterdemon,2023-07-21,Active
@alex_vyacheslav,@Cyberhawk2000,2023-07-21,Active
@andrey_khvostov,@C_Cleavell,2023-08-28,Inactive
@Eugenio_Bo,@alex_vyacheslav,2023-11-08,Active
@Extain,@chmorovoyks,2023-11-08,Active
@munk4sign,@p_pahltos,2024-05-10,Active
@Eugenio_Bo,@dimagrashin,2024-05-31,Active
@danushkin,@BingoBongox,2024-06-19,Active
@ey_coffee,@alanctr,2024-07-26,Active
@amirthekhvostov,@Antroex357,2024-08-09,Active
@ey_coffee,@mchister999,2024-10-13,Active
@andrey_khvostov,@amirkhvostov1337,2024-11-08,Active
@Ev_Evgen,@player_irl,2024-12-09,Inactive
@BingoBongox,@lukaavaliani,2025-05-26,Active